slug	task	algo	seed	reference_return	reference_frame	selection_status	run_id	commit	metadata_path	config_path	config_sha256	source_status
ant__ppo	Isaac-Ant-v0	ppo	1	142.7692398	200024064	strict_200m_terminal_best	6w7xfwug	6ca3ecae50d3e0e52cff5fdcef57552c7402d927	logs/ppo/isaaclab-baseline-final-200m/Isaac-Ant-v0/Isaac-Ant-v0-ppo-seed1/wandb/run-20260521_105118-6w7xfwug/files/wandb-metadata.json	logs/ppo/isaaclab-baseline-final-200m/Isaac-Ant-v0/Isaac-Ant-v0-ppo-seed1/config.yaml	1f152a2272060450f51ceacd2e1810d92882097b3fb9474195e4c9317dc0ef45	recorded_commit_agent_source
ant__dppo	Isaac-Ant-v0	dppo	5	23.35222939	200024064	strict_200m_terminal_best	tcy0qv8u	6ca3ecae50d3e0e52cff5fdcef57552c7402d927	logs/dppo/isaaclab-baseline-final-200m/Isaac-Ant-v0/Isaac-Ant-v0-dppo-seed5/wandb/run-20260522_180228-tcy0qv8u/files/wandb-metadata.json	logs/dppo/isaaclab-baseline-final-200m/Isaac-Ant-v0/Isaac-Ant-v0-dppo-seed5/config.yaml	51c275b1d62ef47a9d9e9959e698ed0f6479af9c87c0b1e300e71155d07b6f53	recorded_commit_agent_source
ant__fpo	Isaac-Ant-v0	fpo	3	124.0165516	200024064	strict_200m_terminal_best	29ivx0x7	6ca3ecae50d3e0e52cff5fdcef57552c7402d927	logs/fpo/isaaclab-baseline-final-200m/Isaac-Ant-v0/Isaac-Ant-v0-fpo-seed3/wandb/run-20260524_021153-29ivx0x7/files/wandb-metadata.json	logs/fpo/isaaclab-baseline-final-200m/Isaac-Ant-v0/Isaac-Ant-v0-fpo-seed3/config.yaml	5776bd9c16f08d74f0991ba9ad4ec3a94be0c6aa252f37880824760454846f58	recorded_commit_agent_plus_compat_symbol_overlay
ant__fpopp	Isaac-Ant-v0	fpopp	6	120.3828642	200024064	strict_200m_terminal_best	0dimchzz	6ca3ecae50d3e0e52cff5fdcef57552c7402d927	logs/fpopp/isaaclab-baseline-final-200m/Isaac-Ant-v0/Isaac-Ant-v0-fpopp-seed6/wandb/run-20260525_201806-0dimchzz/files/wandb-metadata.json	logs/fpopp/isaaclab-baseline-final-200m/Isaac-Ant-v0/Isaac-Ant-v0-fpopp-seed6/config.yaml	aeb38f6f09ee15b90002b36280a9a670464c994a43a1be2dafa6df90ca8498e2	recorded_commit_agent_source
ant__genpo	Isaac-Ant-v0	genpo	9	121.716355	200024064	strict_200m_terminal_best	hypsi3k3	6ca3ecae50d3e0e52cff5fdcef57552c7402d927	logs/genpo/isaaclab-baseline-final-200m/Isaac-Ant-v0/Isaac-Ant-v0-genpo-seed9/wandb/run-20260528_173140-hypsi3k3/files/wandb-metadata.json	logs/genpo/isaaclab-baseline-final-200m/Isaac-Ant-v0/Isaac-Ant-v0-genpo-seed9/config.yaml	b11f1be35fbbaab7b33ca947482c8e287188ba682ea4f01548a6ea60a51f882a	recorded_commit_agent_source
ant__policyflow	Isaac-Ant-v0	policyflow	4	131.7221804	200024064	strict_200m_terminal_best	hf4ktrmn	6ca3ecae50d3e0e52cff5fdcef57552c7402d927	logs/policyflow/isaaclab-baseline-final-200m/Isaac-Ant-v0/Isaac-Ant-v0-policyflow-seed4/wandb/run-20260603_095606-hf4ktrmn/files/wandb-metadata.json	logs/policyflow/isaaclab-baseline-final-200m/Isaac-Ant-v0/Isaac-Ant-v0-policyflow-seed4/config.yaml	ff2b1a56cf4902d3790bc8b896833d3241569c86f48f53a8a1f21b69c844e8f4	best_available_uncommitted_policyflow_overlay
cartpole__ppo	Isaac-Cartpole-v0	ppo	8	4.961344616	200024064	strict_200m_terminal_best	wz0tw0jz	6ca3ecae50d3e0e52cff5fdcef57552c7402d927	logs/ppo/isaaclab-baseline-final-200m/Isaac-Cartpole-v0/Isaac-Cartpole-v0-ppo-seed8/wandb/run-20260521_095652-wz0tw0jz/files/wandb-metadata.json	logs/ppo/isaaclab-baseline-final-200m/Isaac-Cartpole-v0/Isaac-Cartpole-v0-ppo-seed8/config.yaml	f571a338b06051e37bef9f0aae00577c344b9227fa425fb406eb665380719d10	recorded_commit_agent_source
cartpole__dppo	Isaac-Cartpole-v0	dppo	0	-1.359330636	200024064	strict_200m_terminal_best	rqomqyrb	6ca3ecae50d3e0e52cff5fdcef57552c7402d927	logs/dppo/isaaclab-baseline-final-200m/Isaac-Cartpole-v0/Isaac-Cartpole-v0-dppo-seed0/wandb/run-20260522_135054-rqomqyrb/files/wandb-metadata.json	logs/dppo/isaaclab-baseline-final-200m/Isaac-Cartpole-v0/Isaac-Cartpole-v0-dppo-seed0/config.yaml	50894ba873447400aac8dd29d9284498ec56d65bd05a0dfb370330c2cacc6119	recorded_commit_agent_source
cartpole__fpo	Isaac-Cartpole-v0	fpo	6	4.95911407	200024064	strict_200m_terminal_best	wzh41oon	6ca3ecae50d3e0e52cff5fdcef57552c7402d927	logs/fpo/isaaclab-baseline-final-200m/Isaac-Cartpole-v0/Isaac-Cartpole-v0-fpo-seed6/wandb/run-20260524_015910-wzh41oon/files/wandb-metadata.json	logs/fpo/isaaclab-baseline-final-200m/Isaac-Cartpole-v0/Isaac-Cartpole-v0-fpo-seed6/config.yaml	78fbce5ee2d90a28dbc399084036c1fc963dda247918237c2e775ed2f89c091e	recorded_commit_agent_plus_compat_symbol_overlay
cartpole__fpopp	Isaac-Cartpole-v0	fpopp	4	4.877178333	200024064	strict_200m_terminal_best	2e6h7qtg	6ca3ecae50d3e0e52cff5fdcef57552c7402d927	logs/fpopp/isaaclab-baseline-final-200m/Isaac-Cartpole-v0/Isaac-Cartpole-v0-fpopp-seed4/wandb/run-20260525_171550-2e6h7qtg/files/wandb-metadata.json	logs/fpopp/isaaclab-baseline-final-200m/Isaac-Cartpole-v0/Isaac-Cartpole-v0-fpopp-seed4/config.yaml	33f68e4160fc0bf862deea198921bde6a7f912d850c3bf5936b7f952cdf92fd3	recorded_commit_agent_source
cartpole__genpo	Isaac-Cartpole-v0	genpo	8	4.963976273	200024064	strict_200m_terminal_best	tz05sp11	6ca3ecae50d3e0e52cff5fdcef57552c7402d927	logs/genpo/isaaclab-baseline-final-200m/Isaac-Cartpole-v0/Isaac-Cartpole-v0-genpo-seed8/wandb/run-20260528_080514-tz05sp11/files/wandb-metadata.json	logs/genpo/isaaclab-baseline-final-200m/Isaac-Cartpole-v0/Isaac-Cartpole-v0-genpo-seed8/config.yaml	c7e573abbc35367461ef011003c3d70898d275f4853ddbad74941d4b93b2dd17	recorded_commit_agent_source
cartpole__policyflow	Isaac-Cartpole-v0	policyflow	2	4.964251695	200024064	strict_200m_terminal_best	1dahaps7	6ca3ecae50d3e0e52cff5fdcef57552c7402d927	logs/policyflow/isaaclab-baseline-final-200m/Isaac-Cartpole-v0/Isaac-Cartpole-v0-policyflow-seed2/wandb/run-20260603_115204-1dahaps7/files/wandb-metadata.json	logs/policyflow/isaaclab-baseline-final-200m/Isaac-Cartpole-v0/Isaac-Cartpole-v0-policyflow-seed2/config.yaml	df50ba23e81026c17e41958d4a02c2f7d35520446d2e36955f3b3ef2d240ba4d	best_available_uncommitted_policyflow_overlay
humanoid__ppo	Isaac-Humanoid-v0	ppo	4	163.1456611	200024064	strict_200m_terminal_best	1hw33t29	6ca3ecae50d3e0e52cff5fdcef57552c7402d927	logs/ppo/isaaclab-baseline-final-200m/Isaac-Humanoid-v0/Isaac-Humanoid-v0-ppo-seed4/wandb/run-20260521_074924-1hw33t29/files/wandb-metadata.json	logs/ppo/isaaclab-baseline-final-200m/Isaac-Humanoid-v0/Isaac-Humanoid-v0-ppo-seed4/config.yaml	fe36013553bedce9c75263d17f377b3f25c66534bd1c379189e68e21b7fd8ecf	recorded_commit_agent_source
humanoid__dppo	Isaac-Humanoid-v0	dppo	6	21.70430804	200024064	strict_200m_terminal_best	f04x05ac	6ca3ecae50d3e0e52cff5fdcef57552c7402d927	logs/dppo/isaaclab-baseline-final-200m/Isaac-Humanoid-v0/Isaac-Humanoid-v0-dppo-seed6/wandb/run-20260522_123102-f04x05ac/files/wandb-metadata.json	logs/dppo/isaaclab-baseline-final-200m/Isaac-Humanoid-v0/Isaac-Humanoid-v0-dppo-seed6/config.yaml	c8d690a6f53570399d50ac6860352a9818c8725651e0914bf1a6250c784046da	recorded_commit_agent_source
humanoid__fpo	Isaac-Humanoid-v0	fpo	5	75.16203324	200024064	strict_200m_terminal_best	ban9hh0o	6ca3ecae50d3e0e52cff5fdcef57552c7402d927	logs/fpo/isaaclab-baseline-final-200m/Isaac-Humanoid-v0/Isaac-Humanoid-v0-fpo-seed5/wandb/run-20260523_231025-ban9hh0o/files/wandb-metadata.json	logs/fpo/isaaclab-baseline-final-200m/Isaac-Humanoid-v0/Isaac-Humanoid-v0-fpo-seed5/config.yaml	34b1274010d54f27d8236d39b0e56a866eafb42d1942075cdd23655dd7ec6334	recorded_commit_agent_plus_compat_symbol_overlay
humanoid__fpopp	Isaac-Humanoid-v0	fpopp	3	104.3939356	200024064	strict_200m_terminal_best	824b6l42	6ca3ecae50d3e0e52cff5fdcef57552c7402d927	logs/fpopp/isaaclab-baseline-final-200m/Isaac-Humanoid-v0/Isaac-Humanoid-v0-fpopp-seed3/wandb/run-20260525_135333-824b6l42/files/wandb-metadata.json	logs/fpopp/isaaclab-baseline-final-200m/Isaac-Humanoid-v0/Isaac-Humanoid-v0-fpopp-seed3/config.yaml	c694f36d11d5d04c4e0b66ff66c99f84bbe885e10da7e05ed5c9b33cbd2efdc7	recorded_commit_agent_source
humanoid__genpo	Isaac-Humanoid-v0	genpo	5	157.84933	200024064	strict_200m_terminal_best	3i8ofhy9	6ca3ecae50d3e0e52cff5fdcef57552c7402d927	logs/genpo/isaaclab-baseline-final-200m/Isaac-Humanoid-v0/Isaac-Humanoid-v0-genpo-seed5/wandb/run-20260604_165424-3i8ofhy9/files/wandb-metadata.json	logs/genpo/isaaclab-baseline-final-200m/Isaac-Humanoid-v0/Isaac-Humanoid-v0-genpo-seed5/config.yaml	2b95291b46089ffba7546d028873dafc58e152fd8914393a7aaf5dd27b1547c9	recorded_commit_agent_source
humanoid__policyflow	Isaac-Humanoid-v0	policyflow	1	103.1120556	200024064	strict_200m_terminal_best	jf9jemvb	6ca3ecae50d3e0e52cff5fdcef57552c7402d927	logs/policyflow/isaaclab-baseline-final-200m/Isaac-Humanoid-v0/Isaac-Humanoid-v0-policyflow-seed1/wandb/run-20260605_074003-jf9jemvb/files/wandb-metadata.json	logs/policyflow/isaaclab-baseline-final-200m/Isaac-Humanoid-v0/Isaac-Humanoid-v0-policyflow-seed1/config.yaml	ce4c84ba269087ec86c06352fb91b1c23696cad94e42769b8a716e4abd111480	best_available_uncommitted_policyflow_overlay
lift_cube__ppo	Isaac-Lift-Cube-Franka-v0	ppo	2	126.1665655	200024064	strict_200m_terminal_best	0kmtfp49	6ca3ecae50d3e0e52cff5fdcef57552c7402d927	logs/ppo/isaaclab-baseline-final-200m/Isaac-Lift-Cube-Franka-v0/Isaac-Lift-Cube-Franka-v0-ppo-seed2/wandb/run-20260521_210948-0kmtfp49/files/wandb-metadata.json	logs/ppo/isaaclab-baseline-final-200m/Isaac-Lift-Cube-Franka-v0/Isaac-Lift-Cube-Franka-v0-ppo-seed2/config.yaml	927db4c09d49d790f124169dc1b4a57b635a45660152db89248acae4714925e2	recorded_commit_agent_source
lift_cube__dppo	Isaac-Lift-Cube-Franka-v0	dppo	0	-4.845926067	200024064	strict_200m_terminal_best	ev62ydlm	6ca3ecae50d3e0e52cff5fdcef57552c7402d927	logs/dppo/isaaclab-baseline-final-200m/Isaac-Lift-Cube-Franka-v0/Isaac-Lift-Cube-Franka-v0-dppo-seed0/wandb/run-20260523_044531-ev62ydlm/files/wandb-metadata.json	logs/dppo/isaaclab-baseline-final-200m/Isaac-Lift-Cube-Franka-v0/Isaac-Lift-Cube-Franka-v0-dppo-seed0/config.yaml	5c98b3a0cc911e3ff626d0fa2bd2efcff05739e941b3283d35d1a21985cb706b	recorded_commit_agent_source
lift_cube__fpo	Isaac-Lift-Cube-Franka-v0	fpo	5	138.9060177	200024064	strict_200m_terminal_best	2c3ymhu1	6ca3ecae50d3e0e52cff5fdcef57552c7402d927	logs/fpo/isaaclab-baseline-final-200m/Isaac-Lift-Cube-Franka-v0/Isaac-Lift-Cube-Franka-v0-fpo-seed5/wandb/run-20260524_223834-2c3ymhu1/files/wandb-metadata.json	logs/fpo/isaaclab-baseline-final-200m/Isaac-Lift-Cube-Franka-v0/Isaac-Lift-Cube-Franka-v0-fpo-seed5/config.yaml	2a18d601fc9cc27bf35fd84b619b7990a35071c67400a3320adb77d47d79dbf9	recorded_commit_agent_plus_compat_symbol_overlay
lift_cube__fpopp	Isaac-Lift-Cube-Franka-v0	fpopp	6	142.3746948	200024064	strict_200m_terminal_best	v1nn6ze3	6ca3ecae50d3e0e52cff5fdcef57552c7402d927	logs/fpopp/isaaclab-baseline-final-200m/Isaac-Lift-Cube-Franka-v0/Isaac-Lift-Cube-Franka-v0-fpopp-seed6/wandb/run-20260526_112120-v1nn6ze3/files/wandb-metadata.json	logs/fpopp/isaaclab-baseline-final-200m/Isaac-Lift-Cube-Franka-v0/Isaac-Lift-Cube-Franka-v0-fpopp-seed6/config.yaml	3cef1430da6b1a26bcd982ea37d4662dc8cb439cab22fc05cd30cb6a8534b5a4	recorded_commit_agent_source
lift_cube__genpo	Isaac-Lift-Cube-Franka-v0	genpo	8	114.8163705	200024064	strict_200m_terminal_best	iqcq36u5	6ca3ecae50d3e0e52cff5fdcef57552c7402d927	logs/genpo/isaaclab-baseline-final-200m/Isaac-Lift-Cube-Franka-v0/Isaac-Lift-Cube-Franka-v0-genpo-seed8/wandb/run-20260530_091645-iqcq36u5/files/wandb-metadata.json	logs/genpo/isaaclab-baseline-final-200m/Isaac-Lift-Cube-Franka-v0/Isaac-Lift-Cube-Franka-v0-genpo-seed8/config.yaml	0a79d8e839106921809455fc8700ebed1d86ed37edee5d182ace194a5a5e7366	recorded_commit_agent_source
lift_cube__policyflow	Isaac-Lift-Cube-Franka-v0	policyflow	7	16.13915195	200024064	strict_200m_terminal_best	rt9glfwf	6ca3ecae50d3e0e52cff5fdcef57552c7402d927	logs/policyflow/isaaclab-baseline-final-200m/Isaac-Lift-Cube-Franka-v0/Isaac-Lift-Cube-Franka-v0-policyflow-seed7/wandb/run-20260605_123755-rt9glfwf/files/wandb-metadata.json	logs/policyflow/isaaclab-baseline-final-200m/Isaac-Lift-Cube-Franka-v0/Isaac-Lift-Cube-Franka-v0-policyflow-seed7/config.yaml	ccec80b0d6a85cdf7d260df757131efd27524681d63fac3f18b386886a710e84	best_available_uncommitted_policyflow_overlay
open_drawer__ppo	Isaac-Open-Drawer-Franka-v0	ppo	6	97.54192202	200024064	strict_200m_terminal_best	rvg7ag5n	6ca3ecae50d3e0e52cff5fdcef57552c7402d927	logs/ppo/isaaclab-baseline-final-200m/Isaac-Open-Drawer-Franka-v0/Isaac-Open-Drawer-Franka-v0-ppo-seed6/wandb/run-20260521_143536-rvg7ag5n/files/wandb-metadata.json	logs/ppo/isaaclab-baseline-final-200m/Isaac-Open-Drawer-Franka-v0/Isaac-Open-Drawer-Franka-v0-ppo-seed6/config.yaml	2d183be103b64783efe1865df1285b040e6a55df45197c6f6c233fbdcffae764	recorded_commit_agent_source
open_drawer__dppo	Isaac-Open-Drawer-Franka-v0	dppo	5	32.76826535	200024064	strict_200m_terminal_best	r78gxf7m	6ca3ecae50d3e0e52cff5fdcef57552c7402d927	logs/dppo/isaaclab-baseline-final-200m/Isaac-Open-Drawer-Franka-v0/Isaac-Open-Drawer-Franka-v0-dppo-seed5/wandb/run-20260522_204530-r78gxf7m/files/wandb-metadata.json	logs/dppo/isaaclab-baseline-final-200m/Isaac-Open-Drawer-Franka-v0/Isaac-Open-Drawer-Franka-v0-dppo-seed5/config.yaml	ca55b7c4dc50349d6eff8779a2b5ef45c0a7343e27b9338eb831862e636ab51c	recorded_commit_agent_source
open_drawer__fpo	Isaac-Open-Drawer-Franka-v0	fpo	1	97.97325804	200024064	strict_200m_terminal_best	pzh8w5yp	6ca3ecae50d3e0e52cff5fdcef57552c7402d927	logs/fpo/isaaclab-baseline-final-200m/Isaac-Open-Drawer-Franka-v0/Isaac-Open-Drawer-Franka-v0-fpo-seed1/wandb/run-20260524_035856-pzh8w5yp/files/wandb-metadata.json	logs/fpo/isaaclab-baseline-final-200m/Isaac-Open-Drawer-Franka-v0/Isaac-Open-Drawer-Franka-v0-fpo-seed1/config.yaml	bc9f74b75c5888e4e7a66f5b4a21dae7a2fcbe46f87ad50ab98b6e8b5c7971e0	recorded_commit_agent_plus_compat_symbol_overlay
open_drawer__fpopp	Isaac-Open-Drawer-Franka-v0	fpopp	5	99.96300336	200024064	strict_200m_terminal_best	q04m6c13	6ca3ecae50d3e0e52cff5fdcef57552c7402d927	logs/fpopp/isaaclab-baseline-final-200m/Isaac-Open-Drawer-Franka-v0/Isaac-Open-Drawer-Franka-v0-fpopp-seed5/wandb/run-20260525_233806-q04m6c13/files/wandb-metadata.json	logs/fpopp/isaaclab-baseline-final-200m/Isaac-Open-Drawer-Franka-v0/Isaac-Open-Drawer-Franka-v0-fpopp-seed5/config.yaml	617b9046a7ac24f756d0761a7351995ffdf09aac2649a2573616129f5e5c9ee8	recorded_commit_agent_source
open_drawer__genpo	Isaac-Open-Drawer-Franka-v0	genpo	7	96.1958369	200024064	strict_200m_terminal_best	d7tsowgz	6ca3ecae50d3e0e52cff5fdcef57552c7402d927	logs/genpo/isaaclab-baseline-final-200m/Isaac-Open-Drawer-Franka-v0/Isaac-Open-Drawer-Franka-v0-genpo-seed7/wandb/run-20260529_065005-d7tsowgz/files/wandb-metadata.json	logs/genpo/isaaclab-baseline-final-200m/Isaac-Open-Drawer-Franka-v0/Isaac-Open-Drawer-Franka-v0-genpo-seed7/config.yaml	55225c00a29e4d8bc4b55c0ebfaebf67ee56145cd9efbde27edc09ea03740870	recorded_commit_agent_source
open_drawer__policyflow	Isaac-Open-Drawer-Franka-v0	policyflow	8	98.39908031	200024064	strict_200m_terminal_best	huo9q6hy	6ca3ecae50d3e0e52cff5fdcef57552c7402d927	logs/policyflow/isaaclab-baseline-final-200m/Isaac-Open-Drawer-Franka-v0/Isaac-Open-Drawer-Franka-v0-policyflow-seed8/wandb/run-20260605_170700-huo9q6hy/files/wandb-metadata.json	logs/policyflow/isaaclab-baseline-final-200m/Isaac-Open-Drawer-Franka-v0/Isaac-Open-Drawer-Franka-v0-policyflow-seed8/config.yaml	f4ab34f577c4f84cabf0ddebfd5caa3b53ebe1e84e28e0d960499147c6130249	best_available_uncommitted_policyflow_overlay
quadcopter__ppo	Isaac-Quadcopter-Direct-v0	ppo	6	67.99748218	200024064	strict_200m_terminal_best	7lzzjf14	6ca3ecae50d3e0e52cff5fdcef57552c7402d927	logs/ppo/isaaclab-baseline-final-200m/Isaac-Quadcopter-Direct-v0/Isaac-Quadcopter-Direct-v0-ppo-seed6/wandb/run-20260615_153032-7lzzjf14/files/wandb-metadata.json	logs/ppo/isaaclab-baseline-final-200m/Isaac-Quadcopter-Direct-v0/Isaac-Quadcopter-Direct-v0-ppo-seed6/config.yaml	ea209c74760b0315d0248ee93a7679fdc984660a2501f655e71764c4749b5469	recorded_commit_agent_source
quadcopter__dppo	Isaac-Quadcopter-Direct-v0	dppo	3	-15.79584295	200024064	strict_200m_terminal_best	abe6tpqc	6ca3ecae50d3e0e52cff5fdcef57552c7402d927	logs/dppo/isaaclab-baseline-final-200m/Isaac-Quadcopter-Direct-v0/Isaac-Quadcopter-Direct-v0-dppo-seed3/wandb/run-20260616_120152-abe6tpqc/files/wandb-metadata.json	logs/dppo/isaaclab-baseline-final-200m/Isaac-Quadcopter-Direct-v0/Isaac-Quadcopter-Direct-v0-dppo-seed3/config.yaml	a77463fdddf117614afe681de5ed5433cd18e548266ce4f078a0c87637c49872	recorded_commit_agent_source
quadcopter__fpo	Isaac-Quadcopter-Direct-v0	fpo	0	68.58129217	200024064	strict_200m_terminal_best	3t7mf0fq	6ca3ecae50d3e0e52cff5fdcef57552c7402d927	logs/fpo/isaaclab-baseline-final-200m/Isaac-Quadcopter-Direct-v0/Isaac-Quadcopter-Direct-v0-fpo-seed0/wandb/run-20260616_131326-3t7mf0fq/files/wandb-metadata.json	logs/fpo/isaaclab-baseline-final-200m/Isaac-Quadcopter-Direct-v0/Isaac-Quadcopter-Direct-v0-fpo-seed0/config.yaml	b039a243ca57f0ea3dfdc99c4b453748101aae0826c0d546361485882f8c6a89	recorded_commit_agent_plus_compat_symbol_overlay
quadcopter__fpopp	Isaac-Quadcopter-Direct-v0	fpopp	8	68.12089052	200024064	strict_200m_terminal_best	jssflh76	6ca3ecae50d3e0e52cff5fdcef57552c7402d927	logs/fpopp/isaaclab-baseline-final-200m/Isaac-Quadcopter-Direct-v0/Isaac-Quadcopter-Direct-v0-fpopp-seed8/wandb/run-20260615_224426-jssflh76/files/wandb-metadata.json	logs/fpopp/isaaclab-baseline-final-200m/Isaac-Quadcopter-Direct-v0/Isaac-Quadcopter-Direct-v0-fpopp-seed8/config.yaml	ce1a76377274afc39c178a663f4abae87b108948ed3ba7b3afe300b6cea81114	recorded_commit_agent_source
quadcopter__genpo	Isaac-Quadcopter-Direct-v0	genpo	7	68.3967715	200024064	strict_200m_terminal_best	u2tzgw2b	6ca3ecae50d3e0e52cff5fdcef57552c7402d927	logs/genpo/isaaclab-baseline-final-200m/Isaac-Quadcopter-Direct-v0/Isaac-Quadcopter-Direct-v0-genpo-seed7/wandb/run-20260616_130437-u2tzgw2b/files/wandb-metadata.json	logs/genpo/isaaclab-baseline-final-200m/Isaac-Quadcopter-Direct-v0/Isaac-Quadcopter-Direct-v0-genpo-seed7/config.yaml	46b8f985208a3aa3009fffeb83b43e964972e74fea6ead7fdc548001022a23be	recorded_commit_agent_source
quadcopter__policyflow	Isaac-Quadcopter-Direct-v0	policyflow	9	68.38910807	200024064	strict_200m_terminal_best	3tu65siq	6ca3ecae50d3e0e52cff5fdcef57552c7402d927	logs/policyflow/isaaclab-baseline-final-200m/Isaac-Quadcopter-Direct-v0/Isaac-Quadcopter-Direct-v0-policyflow-seed9/wandb/run-20260616_181417-3tu65siq/files/wandb-metadata.json	logs/policyflow/isaaclab-baseline-final-200m/Isaac-Quadcopter-Direct-v0/Isaac-Quadcopter-Direct-v0-policyflow-seed9/config.yaml	a39532bc07eb3445f9c87e2d5b4e8c793b651716271b1666d186d54e2685fbf4	best_available_uncommitted_policyflow_overlay
repose_cube__ppo	Isaac-Repose-Cube-Shadow-Direct-v0	ppo	3	4807.970095	200024064	strict_200m_terminal_best	pad4cgq1	6ca3ecae50d3e0e52cff5fdcef57552c7402d927	logs/ppo/isaaclab-baseline-final-200m/Isaac-Repose-Cube-Shadow-Direct-v0/Isaac-Repose-Cube-Shadow-Direct-v0-ppo-seed3/wandb/run-20260605_184812-pad4cgq1/files/wandb-metadata.json	logs/ppo/isaaclab-baseline-final-200m/Isaac-Repose-Cube-Shadow-Direct-v0/Isaac-Repose-Cube-Shadow-Direct-v0-ppo-seed3/config.yaml	e62cf7e3991a2f025bc99d24400113f7a33bc473c54af49d9ceb5032d86cbc64	recorded_commit_agent_source
repose_cube__dppo	Isaac-Repose-Cube-Shadow-Direct-v0	dppo	6	-42.72926687	200024064	strict_200m_terminal_best	xqu1mmtw	6ca3ecae50d3e0e52cff5fdcef57552c7402d927	logs/dppo/isaaclab-baseline-final-200m/Isaac-Repose-Cube-Shadow-Direct-v0/Isaac-Repose-Cube-Shadow-Direct-v0-dppo-seed6/wandb/run-20260605_235942-xqu1mmtw/files/wandb-metadata.json	logs/dppo/isaaclab-baseline-final-200m/Isaac-Repose-Cube-Shadow-Direct-v0/Isaac-Repose-Cube-Shadow-Direct-v0-dppo-seed6/config.yaml	8b73ad7d43ec99c8d180de086edac8e85bb0c7bf5972292a9c0381ca1fa842c2	recorded_commit_agent_source
repose_cube__fpo	Isaac-Repose-Cube-Shadow-Direct-v0	fpo	8	267.1797035	200024064	strict_200m_terminal_best	ljtddrb6	6ca3ecae50d3e0e52cff5fdcef57552c7402d927	logs/fpo/isaaclab-baseline-final-200m/Isaac-Repose-Cube-Shadow-Direct-v0/Isaac-Repose-Cube-Shadow-Direct-v0-fpo-seed8/wandb/run-20260606_044734-ljtddrb6/files/wandb-metadata.json	logs/fpo/isaaclab-baseline-final-200m/Isaac-Repose-Cube-Shadow-Direct-v0/Isaac-Repose-Cube-Shadow-Direct-v0-fpo-seed8/config.yaml	7aeba195169898a0b9b4431d528fc283b26419e9b42fd1f380b955cb2d1c9066	recorded_commit_agent_plus_compat_symbol_overlay
repose_cube__fpopp	Isaac-Repose-Cube-Shadow-Direct-v0	fpopp	9	197.985115	200024064	strict_200m_terminal_best	lj9fv7c9	6ca3ecae50d3e0e52cff5fdcef57552c7402d927	logs/fpopp/isaaclab-baseline-final-200m/Isaac-Repose-Cube-Shadow-Direct-v0/Isaac-Repose-Cube-Shadow-Direct-v0-fpopp-seed9/wandb/run-20260606_094610-lj9fv7c9/files/wandb-metadata.json	logs/fpopp/isaaclab-baseline-final-200m/Isaac-Repose-Cube-Shadow-Direct-v0/Isaac-Repose-Cube-Shadow-Direct-v0-fpopp-seed9/config.yaml	80bac9cb28859bb10810f36ea516b256cd0911b3f9a8a425a104aabdd6fb19bc	recorded_commit_agent_source
repose_cube__genpo	Isaac-Repose-Cube-Shadow-Direct-v0	genpo	5	5658.553246	200024064	strict_200m_terminal_best	4d5d9ywh	6ca3ecae50d3e0e52cff5fdcef57552c7402d927	logs/genpo/isaaclab-baseline-final-200m/Isaac-Repose-Cube-Shadow-Direct-v0/Isaac-Repose-Cube-Shadow-Direct-v0-genpo-seed5/wandb/run-20260607_003620-4d5d9ywh/files/wandb-metadata.json	logs/genpo/isaaclab-baseline-final-200m/Isaac-Repose-Cube-Shadow-Direct-v0/Isaac-Repose-Cube-Shadow-Direct-v0-genpo-seed5/config.yaml	6855303afbc2579489131087c978a658cce221c34d5279ac8bc51941e60ecef5	recorded_commit_agent_source
repose_cube__policyflow	Isaac-Repose-Cube-Shadow-Direct-v0	policyflow	1	368.0920636	200024064	strict_200m_terminal_best	48ggvugu	6ca3ecae50d3e0e52cff5fdcef57552c7402d927	logs/policyflow/isaaclab-baseline-final-200m/Isaac-Repose-Cube-Shadow-Direct-v0/Isaac-Repose-Cube-Shadow-Direct-v0-policyflow-seed1/wandb/run-20260607_180448-48ggvugu/files/wandb-metadata.json	logs/policyflow/isaaclab-baseline-final-200m/Isaac-Repose-Cube-Shadow-Direct-v0/Isaac-Repose-Cube-Shadow-Direct-v0-policyflow-seed1/config.yaml	fc9abb284e27478f2bd0dbae24c710445f7c39df4a278639a45a0d8bc842a1bd	best_available_uncommitted_policyflow_overlay
flat_anymal_d__ppo	Isaac-Velocity-Flat-Anymal-D-v0	ppo	5	24.82193974	200024064	strict_200m_terminal_best	d6w5ywp0	6ca3ecae50d3e0e52cff5fdcef57552c7402d927	logs/ppo/isaaclab-baseline-final-200m/Isaac-Velocity-Flat-Anymal-D-v0/Isaac-Velocity-Flat-Anymal-D-v0-ppo-seed5/wandb/run-20260521_174225-d6w5ywp0/files/wandb-metadata.json	logs/ppo/isaaclab-baseline-final-200m/Isaac-Velocity-Flat-Anymal-D-v0/Isaac-Velocity-Flat-Anymal-D-v0-ppo-seed5/config.yaml	b5beee1bf32b55a101de3df8947f2e8332bdc27923a7e55758c547263dac9856	recorded_commit_agent_source
flat_anymal_d__dppo	Isaac-Velocity-Flat-Anymal-D-v0	dppo	9	0.1410085699	200024064	strict_200m_terminal_best	zk8owitx	6ca3ecae50d3e0e52cff5fdcef57552c7402d927	logs/dppo/isaaclab-baseline-final-200m/Isaac-Velocity-Flat-Anymal-D-v0/Isaac-Velocity-Flat-Anymal-D-v0-dppo-seed9/wandb/run-20260523_042204-zk8owitx/files/wandb-metadata.json	logs/dppo/isaaclab-baseline-final-200m/Isaac-Velocity-Flat-Anymal-D-v0/Isaac-Velocity-Flat-Anymal-D-v0-dppo-seed9/config.yaml	dfd503dbd59dbfe22ee331bd17590b14a1c048efcefe9c6a5352d8397ed6cf54	recorded_commit_agent_source
flat_anymal_d__fpo	Isaac-Velocity-Flat-Anymal-D-v0	fpo	5	6.230338997	200024064	strict_200m_terminal_best	n2pgv4di	6ca3ecae50d3e0e52cff5fdcef57552c7402d927	logs/fpo/isaaclab-baseline-final-200m/Isaac-Velocity-Flat-Anymal-D-v0/Isaac-Velocity-Flat-Anymal-D-v0-fpo-seed5/wandb/run-20260524_171848-n2pgv4di/files/wandb-metadata.json	logs/fpo/isaaclab-baseline-final-200m/Isaac-Velocity-Flat-Anymal-D-v0/Isaac-Velocity-Flat-Anymal-D-v0-fpo-seed5/config.yaml	79af48a156fe5cddf47214154cf9180577148385bb398a6968e0aa71e42c0fa1	recorded_commit_agent_plus_compat_symbol_overlay
flat_anymal_d__fpopp	Isaac-Velocity-Flat-Anymal-D-v0	fpopp	5	23.73118654	200024064	strict_200m_terminal_best	7uswyonh	6ca3ecae50d3e0e52cff5fdcef57552c7402d927	logs/fpopp/isaaclab-baseline-final-200m/Isaac-Velocity-Flat-Anymal-D-v0/Isaac-Velocity-Flat-Anymal-D-v0-fpopp-seed5/wandb/run-20260526_031339-7uswyonh/files/wandb-metadata.json	logs/fpopp/isaaclab-baseline-final-200m/Isaac-Velocity-Flat-Anymal-D-v0/Isaac-Velocity-Flat-Anymal-D-v0-fpopp-seed5/config.yaml	d4b4c1084441784638e4b31c3d5e033de2ac587b1b9ea1f2d07f323ae7f6dac5	recorded_commit_agent_source
flat_anymal_d__genpo	Isaac-Velocity-Flat-Anymal-D-v0	genpo	5	-5.035788666	0	historical_incomplete_fallback	r0b58xm2	6ca3ecae50d3e0e52cff5fdcef57552c7402d927	logs/genpo/isaaclab-baseline-final-200m/Isaac-Velocity-Flat-Anymal-D-v0/Isaac-Velocity-Flat-Anymal-D-v0-genpo-seed5/wandb/run-20260529_134551-r0b58xm2/files/wandb-metadata.json	logs/genpo/isaaclab-baseline-final-200m/Isaac-Velocity-Flat-Anymal-D-v0/Isaac-Velocity-Flat-Anymal-D-v0-genpo-seed5/config.yaml	244cb2d7d8466db496f3eed52a4fd73c2d3aa11756d8c98eaaf6a576f4de6351	recorded_commit_agent_source
flat_anymal_d__policyflow	Isaac-Velocity-Flat-Anymal-D-v0	policyflow	0	25.9221535	200024064	strict_200m_terminal_best	arbm8evf	6ca3ecae50d3e0e52cff5fdcef57552c7402d927	logs/policyflow/isaaclab-baseline-final-200m/Isaac-Velocity-Flat-Anymal-D-v0/Isaac-Velocity-Flat-Anymal-D-v0-policyflow-seed0/wandb/run-20260608_112830-arbm8evf/files/wandb-metadata.json	logs/policyflow/isaaclab-baseline-final-200m/Isaac-Velocity-Flat-Anymal-D-v0/Isaac-Velocity-Flat-Anymal-D-v0-policyflow-seed0/config.yaml	714c0f1707c0f60a0052a609852ddf4458156d4a72e9e1eeb9a2ec9ff64520d4	best_available_uncommitted_policyflow_overlay
flat_g1__ppo	Isaac-Velocity-Flat-G1-v0	ppo	5	24.52459167	200024064	strict_200m_terminal_best	hrc2xvol	6ca3ecae50d3e0e52cff5fdcef57552c7402d927	logs/ppo/isaaclab-baseline-final-200m/Isaac-Velocity-Flat-G1-v0/Isaac-Velocity-Flat-G1-v0-ppo-seed5/wandb/run-20260522_013740-hrc2xvol/files/wandb-metadata.json	logs/ppo/isaaclab-baseline-final-200m/Isaac-Velocity-Flat-G1-v0/Isaac-Velocity-Flat-G1-v0-ppo-seed5/config.yaml	1a45ab28c591ab3a23bb3a99bf5355b1727ca88e1c3d78cb1747ead3cea2a9df	recorded_commit_agent_source
flat_g1__dppo	Isaac-Velocity-Flat-G1-v0	dppo	6	-1.806382949	200024064	strict_200m_terminal_best	1kn6xf7m	6ca3ecae50d3e0e52cff5fdcef57552c7402d927	logs/dppo/isaaclab-baseline-final-200m/Isaac-Velocity-Flat-G1-v0/Isaac-Velocity-Flat-G1-v0-dppo-seed6/wandb/run-20260523_112851-1kn6xf7m/files/wandb-metadata.json	logs/dppo/isaaclab-baseline-final-200m/Isaac-Velocity-Flat-G1-v0/Isaac-Velocity-Flat-G1-v0-dppo-seed6/config.yaml	46e8a7b92fb699bca705f20769b7da5ec81fcd6b7e1068c004171e28fce29c8e	recorded_commit_agent_source
flat_g1__fpo	Isaac-Velocity-Flat-G1-v0	fpo	4	25.32593591	200024064	strict_200m_terminal_best	towdixt3	6ca3ecae50d3e0e52cff5fdcef57552c7402d927	logs/fpo/isaaclab-baseline-final-200m/Isaac-Velocity-Flat-G1-v0/Isaac-Velocity-Flat-G1-v0-fpo-seed4/wandb/run-20260525_041918-towdixt3/files/wandb-metadata.json	logs/fpo/isaaclab-baseline-final-200m/Isaac-Velocity-Flat-G1-v0/Isaac-Velocity-Flat-G1-v0-fpo-seed4/config.yaml	848113490f56e313ddb91a88941f5ee7c1331be63643b8c61b4ea5203006b6d9	recorded_commit_agent_plus_compat_symbol_overlay
flat_g1__fpopp	Isaac-Velocity-Flat-G1-v0	fpopp	8	29.17483005	200024064	strict_200m_terminal_best	rm6ff0x6	6ca3ecae50d3e0e52cff5fdcef57552c7402d927	logs/fpopp/isaaclab-baseline-final-200m/Isaac-Velocity-Flat-G1-v0/Isaac-Velocity-Flat-G1-v0-fpopp-seed8/wandb/run-20260526_181213-rm6ff0x6/files/wandb-metadata.json	logs/fpopp/isaaclab-baseline-final-200m/Isaac-Velocity-Flat-G1-v0/Isaac-Velocity-Flat-G1-v0-fpopp-seed8/config.yaml	5dc9b368424804ce03bb1bb15034877216362e65a81b844bc2f5f4d85ca50ce6	recorded_commit_agent_source
flat_g1__genpo	Isaac-Velocity-Flat-G1-v0	genpo	6	-5.327692664	0	historical_incomplete_fallback	6i36t4aq	6ca3ecae50d3e0e52cff5fdcef57552c7402d927	logs/genpo/isaaclab-baseline-final-200m/Isaac-Velocity-Flat-G1-v0/Isaac-Velocity-Flat-G1-v0-genpo-seed6/wandb/run-20260530_160159-6i36t4aq/files/wandb-metadata.json	logs/genpo/isaaclab-baseline-final-200m/Isaac-Velocity-Flat-G1-v0/Isaac-Velocity-Flat-G1-v0-genpo-seed6/config.yaml	99c0a21b0ccf38f2a97c15262db96504aa6a1becb2cc2151b5d9c7bc39f25747	recorded_commit_agent_source
flat_g1__policyflow	Isaac-Velocity-Flat-G1-v0	policyflow	3	35.23775425	200024064	strict_200m_terminal_best	tw9by8ml	6ca3ecae50d3e0e52cff5fdcef57552c7402d927	logs/policyflow/isaaclab-baseline-final-200m/Isaac-Velocity-Flat-G1-v0/Isaac-Velocity-Flat-G1-v0-policyflow-seed3/wandb/run-20260608_162554-tw9by8ml/files/wandb-metadata.json	logs/policyflow/isaaclab-baseline-final-200m/Isaac-Velocity-Flat-G1-v0/Isaac-Velocity-Flat-G1-v0-policyflow-seed3/config.yaml	7537a09d0f4ec69483f684ae1ab69d52ce95bca5f048e2e8fd7e8f65eade5d09	best_available_uncommitted_policyflow_overlay
rough_g1__ppo	Isaac-Velocity-Rough-G1-v0	ppo	1	18.0059059	200024064	strict_200m_terminal_best	cvv8qdo3	6ca3ecae50d3e0e52cff5fdcef57552c7402d927	logs/ppo/isaaclab-baseline-final-200m/Isaac-Velocity-Rough-G1-v0/Isaac-Velocity-Rough-G1-v0-ppo-seed1/wandb/run-20260522_032724-cvv8qdo3/files/wandb-metadata.json	logs/ppo/isaaclab-baseline-final-200m/Isaac-Velocity-Rough-G1-v0/Isaac-Velocity-Rough-G1-v0-ppo-seed1/config.yaml	6fcf9ca73367878da189fba8f7d35a82df23b82878bf2a1a955d2ae6d97e7af4	recorded_commit_agent_source
rough_g1__dppo	Isaac-Velocity-Rough-G1-v0	dppo	8	-4.681049647	200024064	strict_200m_terminal_best	bkmjectp	6ca3ecae50d3e0e52cff5fdcef57552c7402d927	logs/dppo/isaaclab-baseline-final-200m/Isaac-Velocity-Rough-G1-v0/Isaac-Velocity-Rough-G1-v0-dppo-seed8/wandb/run-20260523_193936-bkmjectp/files/wandb-metadata.json	logs/dppo/isaaclab-baseline-final-200m/Isaac-Velocity-Rough-G1-v0/Isaac-Velocity-Rough-G1-v0-dppo-seed8/config.yaml	79a3f5e7844024e7277a3f8985cb0745f4f973595ce92c81183c4ccec2e0cd88	recorded_commit_agent_source
rough_g1__fpo	Isaac-Velocity-Rough-G1-v0	fpo	7	5.13476138	200024064	strict_200m_terminal_best	e1svprn2	6ca3ecae50d3e0e52cff5fdcef57552c7402d927	logs/fpo/isaaclab-baseline-final-200m/Isaac-Velocity-Rough-G1-v0/Isaac-Velocity-Rough-G1-v0-fpo-seed7/wandb/run-20260525_091038-e1svprn2/files/wandb-metadata.json	logs/fpo/isaaclab-baseline-final-200m/Isaac-Velocity-Rough-G1-v0/Isaac-Velocity-Rough-G1-v0-fpo-seed7/config.yaml	1fa89747b2cade110229c468f01920c4baa7cf8003056f5dd572706f2a8cdf44	recorded_commit_agent_plus_compat_symbol_overlay
rough_g1__fpopp	Isaac-Velocity-Rough-G1-v0	fpopp	5	12.81743645	200024064	strict_200m_terminal_best	8wbokr5h	6ca3ecae50d3e0e52cff5fdcef57552c7402d927	logs/fpopp/isaaclab-baseline-final-200m/Isaac-Velocity-Rough-G1-v0/Isaac-Velocity-Rough-G1-v0-fpopp-seed5/wandb/run-20260526_211647-8wbokr5h/files/wandb-metadata.json	logs/fpopp/isaaclab-baseline-final-200m/Isaac-Velocity-Rough-G1-v0/Isaac-Velocity-Rough-G1-v0-fpopp-seed5/config.yaml	53869dfb46ccbab7b43c8b241d32f2f02c6caaa48a1b0dda6339027c45b24f90	recorded_commit_agent_source
rough_g1__genpo	Isaac-Velocity-Rough-G1-v0	genpo	5	-5.092435408	0	historical_incomplete_fallback	2m4e5xgj	6ca3ecae50d3e0e52cff5fdcef57552c7402d927	logs/genpo/isaaclab-baseline-final-200m/Isaac-Velocity-Rough-G1-v0/Isaac-Velocity-Rough-G1-v0-genpo-seed5/wandb/run-20260530_162405-2m4e5xgj/files/wandb-metadata.json	logs/genpo/isaaclab-baseline-final-200m/Isaac-Velocity-Rough-G1-v0/Isaac-Velocity-Rough-G1-v0-genpo-seed5/config.yaml	647614c9caa7b63b472be6626d435660963158d4af155978c9180249963bdd6e	recorded_commit_agent_source
rough_g1__policyflow	Isaac-Velocity-Rough-G1-v0	policyflow	6	12.70824728	200024064	strict_200m_terminal_best	hyd2dtrv	6ca3ecae50d3e0e52cff5fdcef57552c7402d927	logs/policyflow/isaaclab-baseline-final-200m/Isaac-Velocity-Rough-G1-v0/Isaac-Velocity-Rough-G1-v0-policyflow-seed6/wandb/run-20260608_121859-hyd2dtrv/files/wandb-metadata.json	logs/policyflow/isaaclab-baseline-final-200m/Isaac-Velocity-Rough-G1-v0/Isaac-Velocity-Rough-G1-v0-policyflow-seed6/config.yaml	2af73ec05983a84d31baa7f7ca85b0216612030935cad16f2bfd446a2c2bb635	best_available_uncommitted_policyflow_overlay
rough_h1__ppo	Isaac-Velocity-Rough-H1-v0	ppo	3	18.46157395	200024064	strict_200m_terminal_best	fc1tq4y9	6ca3ecae50d3e0e52cff5fdcef57552c7402d927	logs/ppo/isaaclab-baseline-final-200m/Isaac-Velocity-Rough-H1-v0/Isaac-Velocity-Rough-H1-v0-ppo-seed3/wandb/run-20260613_102448-fc1tq4y9/files/wandb-metadata.json	logs/ppo/isaaclab-baseline-final-200m/Isaac-Velocity-Rough-H1-v0/Isaac-Velocity-Rough-H1-v0-ppo-seed3/config.yaml	93f63c48ef73124fee3e7e3feb6ed9711fdcad303d4d6e48d37b190fcda35cad	recorded_commit_agent_source
rough_h1__dppo	Isaac-Velocity-Rough-H1-v0	dppo	3	-5.038777615	200024064	strict_200m_terminal_best	ocjh3cmd	6ca3ecae50d3e0e52cff5fdcef57552c7402d927	logs/dppo/isaaclab-baseline-final-200m/Isaac-Velocity-Rough-H1-v0/Isaac-Velocity-Rough-H1-v0-dppo-seed3/wandb/run-20260613_130401-ocjh3cmd/files/wandb-metadata.json	logs/dppo/isaaclab-baseline-final-200m/Isaac-Velocity-Rough-H1-v0/Isaac-Velocity-Rough-H1-v0-dppo-seed3/config.yaml	e792dbf4509c6766350634d2de180a539448e87214586aaf70c7d0ce668becef	recorded_commit_agent_source
rough_h1__fpo	Isaac-Velocity-Rough-H1-v0	fpo	8	4.272199056	200024064	strict_200m_terminal_best	4cannoyh	6ca3ecae50d3e0e52cff5fdcef57552c7402d927	logs/fpo/isaaclab-baseline-final-200m/Isaac-Velocity-Rough-H1-v0/Isaac-Velocity-Rough-H1-v0-fpo-seed8/wandb/run-20260613_220329-4cannoyh/files/wandb-metadata.json	logs/fpo/isaaclab-baseline-final-200m/Isaac-Velocity-Rough-H1-v0/Isaac-Velocity-Rough-H1-v0-fpo-seed8/config.yaml	38488a34932b53f1e714e3d7d91421af1d12ba9a805811b09fc87f87b605f5b3	recorded_commit_agent_plus_compat_symbol_overlay
rough_h1__fpopp	Isaac-Velocity-Rough-H1-v0	fpopp	3	0.3841393612	200024064	strict_200m_terminal_best	i2qhtogf	6ca3ecae50d3e0e52cff5fdcef57552c7402d927	logs/fpopp/isaaclab-baseline-final-200m/Isaac-Velocity-Rough-H1-v0/Isaac-Velocity-Rough-H1-v0-fpopp-seed3/wandb/run-20260614_004825-i2qhtogf/files/wandb-metadata.json	logs/fpopp/isaaclab-baseline-final-200m/Isaac-Velocity-Rough-H1-v0/Isaac-Velocity-Rough-H1-v0-fpopp-seed3/config.yaml	eaf41888169234fa15878997724228e279964762a1d9351d46d0c7ced011342b	recorded_commit_agent_source
rough_h1__genpo	Isaac-Velocity-Rough-H1-v0	genpo	9	13.62780917	200024064	strict_200m_terminal_best	o2efz5pi	6ca3ecae50d3e0e52cff5fdcef57552c7402d927	logs/genpo/isaaclab-baseline-final-200m/Isaac-Velocity-Rough-H1-v0/Isaac-Velocity-Rough-H1-v0-genpo-seed9/wandb/run-20260615_133526-o2efz5pi/files/wandb-metadata.json	logs/genpo/isaaclab-baseline-final-200m/Isaac-Velocity-Rough-H1-v0/Isaac-Velocity-Rough-H1-v0-genpo-seed9/config.yaml	7c300885c0f68df9729372dea3fe08a86ec51fba2c7aaf978f320875ac183553	recorded_commit_agent_source
rough_h1__policyflow	Isaac-Velocity-Rough-H1-v0	policyflow	1	9.641361943	200024064	strict_200m_terminal_best	ra5kmwy7	6ca3ecae50d3e0e52cff5fdcef57552c7402d927	logs/policyflow/isaaclab-baseline-final-200m/Isaac-Velocity-Rough-H1-v0/Isaac-Velocity-Rough-H1-v0-policyflow-seed1/wandb/run-20260615_174224-ra5kmwy7/files/wandb-metadata.json	logs/policyflow/isaaclab-baseline-final-200m/Isaac-Velocity-Rough-H1-v0/Isaac-Velocity-Rough-H1-v0-policyflow-seed1/config.yaml	51ce5a718bee97c97deddf70b11c963f9391d982305166da99f0ecd3ade01656	best_available_uncommitted_policyflow_overlay
rough_go2__ppo	Isaac-Velocity-Rough-Unitree-Go2-v0	ppo	3	16.61598272	200024064	strict_200m_terminal_best	ctsptpj8	6ca3ecae50d3e0e52cff5fdcef57552c7402d927	logs/ppo/isaaclab-baseline-final-200m/Isaac-Velocity-Rough-Unitree-Go2-v0/Isaac-Velocity-Rough-Unitree-Go2-v0-ppo-seed3/wandb/run-20260609_054602-ctsptpj8/files/wandb-metadata.json	logs/ppo/isaaclab-baseline-final-200m/Isaac-Velocity-Rough-Unitree-Go2-v0/Isaac-Velocity-Rough-Unitree-Go2-v0-ppo-seed3/config.yaml	7b0d3dda56fe03d60ddffe8df1a2163553e920df41cd4b76fc4d08f4d0850307	recorded_commit_agent_source
rough_go2__dppo	Isaac-Velocity-Rough-Unitree-Go2-v0	dppo	4	9.32413586	200024064	strict_200m_terminal_best	iuksoxta	6ca3ecae50d3e0e52cff5fdcef57552c7402d927	logs/dppo/isaaclab-baseline-final-200m/Isaac-Velocity-Rough-Unitree-Go2-v0/Isaac-Velocity-Rough-Unitree-Go2-v0-dppo-seed4/wandb/run-20260609_175353-iuksoxta/files/wandb-metadata.json	logs/dppo/isaaclab-baseline-final-200m/Isaac-Velocity-Rough-Unitree-Go2-v0/Isaac-Velocity-Rough-Unitree-Go2-v0-dppo-seed4/config.yaml	e748031a2ee347b7cb91a8ba180ffcadafdf0f58e9287197897bb3ebeb9dd210	recorded_commit_agent_source
rough_go2__fpo	Isaac-Velocity-Rough-Unitree-Go2-v0	fpo	4	8.884371182	200024064	strict_200m_terminal_best	i2ztq2qk	6ca3ecae50d3e0e52cff5fdcef57552c7402d927	logs/fpo/isaaclab-baseline-final-200m/Isaac-Velocity-Rough-Unitree-Go2-v0/Isaac-Velocity-Rough-Unitree-Go2-v0-fpo-seed4/wandb/run-20260609_135938-i2ztq2qk/files/wandb-metadata.json	logs/fpo/isaaclab-baseline-final-200m/Isaac-Velocity-Rough-Unitree-Go2-v0/Isaac-Velocity-Rough-Unitree-Go2-v0-fpo-seed4/config.yaml	934d594bfa127db76330e12754ee806df1f4cba37e806bec4eb5d51b60b420ff	recorded_commit_agent_plus_compat_symbol_overlay
rough_go2__fpopp	Isaac-Velocity-Rough-Unitree-Go2-v0	fpopp	2	9.50015672	200024064	strict_200m_terminal_best	a8atc0it	6ca3ecae50d3e0e52cff5fdcef57552c7402d927	logs/fpopp/isaaclab-baseline-final-200m/Isaac-Velocity-Rough-Unitree-Go2-v0/Isaac-Velocity-Rough-Unitree-Go2-v0-fpopp-seed2/wandb/run-20260609_213450-a8atc0it/files/wandb-metadata.json	logs/fpopp/isaaclab-baseline-final-200m/Isaac-Velocity-Rough-Unitree-Go2-v0/Isaac-Velocity-Rough-Unitree-Go2-v0-fpopp-seed2/config.yaml	58e6538f9c1febc8ea17d450622f4b99c0c807ca0e8d7d60142da742210c51a9	recorded_commit_agent_source
rough_go2__genpo	Isaac-Velocity-Rough-Unitree-Go2-v0	genpo	5	17.57423087	200024064	strict_200m_terminal_best	f9zc76e4	6ca3ecae50d3e0e52cff5fdcef57552c7402d927	logs/genpo/isaaclab-baseline-final-200m/Isaac-Velocity-Rough-Unitree-Go2-v0/Isaac-Velocity-Rough-Unitree-Go2-v0-genpo-seed5/wandb/run-20260612_022926-f9zc76e4/files/wandb-metadata.json	logs/genpo/isaaclab-baseline-final-200m/Isaac-Velocity-Rough-Unitree-Go2-v0/Isaac-Velocity-Rough-Unitree-Go2-v0-genpo-seed5/config.yaml	61209218630fa02f98de31ef2a35670ce3edcf382b9509c95c58095d7b1ccf1d	recorded_commit_agent_source
rough_go2__policyflow	Isaac-Velocity-Rough-Unitree-Go2-v0	policyflow	5	12.27284424	200024064	strict_200m_terminal_best	8mdzzfcx	6ca3ecae50d3e0e52cff5fdcef57552c7402d927	logs/policyflow/isaaclab-baseline-final-200m/Isaac-Velocity-Rough-Unitree-Go2-v0/Isaac-Velocity-Rough-Unitree-Go2-v0-policyflow-seed5/wandb/run-20260613_025825-8mdzzfcx/files/wandb-metadata.json	logs/policyflow/isaaclab-baseline-final-200m/Isaac-Velocity-Rough-Unitree-Go2-v0/Isaac-Velocity-Rough-Unitree-Go2-v0-policyflow-seed5/config.yaml	5d3fd1505314775d3015589305bd85746e5d72587aa2ddbec13d92ba7bc86bdb	best_available_uncommitted_policyflow_overlay
